Group	ROI	1H	2H	SE	Ratio_2Hx1H
red	0	81106	3665	763326	0.04323412487761145
red	1	42940	1792	375333	0.040060806581418223
red	2	42131	1743	410463	0.039727401194329215
