Group	ROI	1H	2H	SE	Ratio_2Hx1H
red	0	122736	5287	1355841	0.041297266897354384
red	1	49309	2123	280714	0.041277803701975424
