Group	ROI	1H	2H	SE	Ratio_2Hx1H
red	0	76235	3164	532282	0.039849368379954404
red	1	66445	2983	429399	0.0429653742006107
