Group	ROI	1H	2H	SE	Ratio_2Hx1H
red	0	748467	53031	2687181	0.06616485630656596
red	1	94076	5046	569191	0.05090696313633704
