Group	ROI	1H	2H	SE	Ratio_2Hx1H
red	0	352918	20771	1656529	0.05558365378697259
red	1	302413	18975	1330106	0.05904078559249256
