Group	ROI	1H	2H	SE	Ratio_2Hx1H
red	0	251899	49511	1279682	0.16426462293885405
red	1	583342	90884	1955556	0.13479753079827833
green	0	761505	132116	3421819	0.14784343698279248
