Group	ROI	1H	2H	SE	Ratio_2Hx1H
red	0	200285	59273	1778100	0.22836129111797748
red	1	386418	102256	2691779	0.20925197575479768
