Group	ROI	1H	2H	SE	Ratio_2Hx1H
red	0	550565	115164	3211150	0.1729893094637608
red	1	501188	107575	2621104	0.1767108053544647
red	2	190042	44615	948874	0.19012857063714272
