Group	ROI	1H	2H	SE	Ratio_2Hx1H
red	0	201182	48772	2415132	0.19512390279811484
green	0	1726548	440631	8159138	0.2033200764680721
