Group	ROI	1H	2H	SE	Ratio_2Hx1H
red	0	149821	24400	991403	0.14005200291583678
red	1	161879	28010	908547	0.14750722790682977
