Group	ROI	1H	2H	SE	Ratio_2Hx1H
red	0	84649	11	510813	0.00012993149066855658
red	1	22096	1	133650	4.525501199257818e-05
red	2	38115	5	247426	0.00013116474291710389
red	3	20441	5	186353	0.0002445466105839773
