Group	ROI	1H	2H	SE	Ratio_2Hx1H
red	0	43125	1793	267500	0.03991718242130104
red	1	103409	4706	564405	0.043527725107524395
red	2	94839	4216	464739	0.042562212912018574
