Group	ROI	1H	2H	SE	Ratio_2Hx1H	area	axis_major_length	axis_minor_length
red	1	76235	3164	532282	0.039849368379954404	1270	118.39588098783862	18.039128020586226
red	2	66445	2983	429399	0.0429653742006107	1002	74.98888792050194	18.203711378034114
red	1	51694	2174	677168	0.04035791193287295	1270	118.39588098783862	18.039128020586226
red	2	35685	1515	467687	0.0407258064516129	1002	74.98888792050194	18.203711378034114
