Group	ROI	1H	2H	SE	Ratio_2Hx1H
red	0	84121	3930	421858	0.04463322392704228
red	1	91978	3830	577039	0.03997578490313961
red	2	89562	3972	377985	0.0424658412983514
