Group	ROI	1H	2H	SE	Ratio_2Hx1H	area	axis_major_length	axis_minor_length
red	1	56412	2610	427345	0.04422079902409271	1023	159.19871323936664	11.76309024515586
red	2	63175	3012	321314	0.04550742592956321	745	81.05311752475833	13.676469770657883
red	3	45698	2005	239210	0.042030899524138944	645	87.7713441367059	11.44803960457712
red	1	39069	1675	556985	0.041110347535833494	1023	159.19871323936664	11.76309024515586
red	2	43778	2043	419727	0.044586543288012044	745	81.05311752475833	13.676469770657883
red	3	26692	1122	237995	0.04033939742575681	645	87.7713441367059	11.44803960457712
