Group	ROI	1H	2H	SE	Ratio_2Hx1H
red	0	56412	2610	427345	0.04422079902409271
red	1	63175	3012	321314	0.04550742592956321
red	2	45698	2005	239210	0.042030899524138944
