Group	ROI	1H	2H	SE	Ratio_2Hx1H
red	0	77377	3283	714083	0.040701710885197126
red	1	83180	3532	921485	0.040732539902205
