Group	ROI	1H	2H	SE	Ratio_2Hx1H
red	0	43900	1954	395720	0.042613512452566844
red	1	39141	1697	309603	0.041554434595229936
