Group	ROI	1H	2H	SE	Ratio_2Hx1H
red	0	378872	18273	1620862	0.04601090281886968
red	1	606099	27705	3049540	0.043712251737130094
red	2	366966	14204	2012741	0.037264212818427477
