Group	ROI	1H	2H	SE	Ratio_2Hx1H
red	0	379824	22943	1396763	0.05696345529797625
red	1	584029	37247	2091672	0.05995242050232103
red	2	389019	22661	1460391	0.055045180722891565
