Group	ROI	1H	2H	SE	Ratio_2Hx1H
red	0	52422	10997	380487	0.17340229268831106
red	1	47946	8903	229047	0.1566078558989604
red	2	34217	4907	249012	0.12542173601881199
red	3	37949	5770	209132	0.13197923099796427
red	4	39633	7068	344824	0.15134579559324213
