Group	ROI	1H	2H	SE	Ratio_2Hx1H	area	axis_major_length	axis_minor_length
red	1	441608	90699	3636932	0.17038851640124966	9455	378.71223294943536	35.26813927010262
