Group	ROI	1H	2H	SE	Ratio_2Hx1H	area	axis_major_length	axis_minor_length
red	1	206077	33743	1609815	0.14070135935284797	3765	141.10309294562725	34.62590553033583
