Group	ROI	1H	2H	SE	Ratio_2Hx1H	area	axis_major_length	axis_minor_length
red	1	467229	103582	2602258	0.18146461788578006	8193	255.77105008254927	43.59535286281243
