Group	ROI	1H	2H	SE	Ratio_2Hx1H
red	0	393937	80072	1216013	0.16892506260429654
red	1	347928	66748	1306184	0.16096422267022928
