Group	ROI	1H	2H	SE	Ratio_2Hx1H	area	axis_major_length	axis_minor_length
red	1	1212050	331549	7910467	0.21478959237470355	24039	309.5552815658537	100.35448434755946
