Group	ROI	1H	2H	SE	Ratio_2Hx1H	area	axis_major_length	axis_minor_length
red	1	451231	64322	2897712	0.12476311843787156	9047	244.32337478251202	48.98527274002553
