Group	ROI	1H	2H	SE	Ratio_2Hx1H	area	axis_major_length	axis_minor_length
red	1	352282	84357	3327971	0.19319621014155858	9929	314.2564781818689	42.78498847145398
