Group	ROI	1H	2H	SE	Ratio_2Hx1H	area	axis_major_length	axis_minor_length
red	1	343599	67171	3689766	0.16352460014119824	11092	264.4587216346452	56.09134439952002
