Group	ROI	1H	2H	SE	Ratio_2Hx1H	area	axis_major_length	axis_minor_length
red	1	854124	137508	3315790	0.13866837697855655	14506	425.1273021005837	48.50734555080551
