Group	ROI	1H	2H	SE	Ratio_2Hx1H	area	axis_major_length	axis_minor_length
red	1	436814	100668	2358927	0.1872955745494733	7742	255.21721233550767	42.384807506810546
