Group	ROI	1H	2H	SE	Ratio_2Hx1H	area	axis_major_length	axis_minor_length
red	1	497913	103302	4087834	0.17182206032783612	13588	296.76309753616204	60.53448222054648
