Group	ROI	1H	2H	SE	Ratio_2Hx1H	area	axis_major_length	axis_minor_length
red	1	393937	80072	1216013	0.16892506260429654	3599	137.31770590403448	34.563366210317156
red	2	347928	66748	1306184	0.16096422267022928	3662	156.6740134049286	31.72240592285808
