Group	ROI	1H	2H	SE	Ratio_2Hx1H	area	axis_major_length	axis_minor_length
red	1	784646	60090	4132736	0.07113465035229942	23583	489.46510072390345	63.92664416142077
