Group	ROI	1H	2H	SE	Ratio_2Hx1H	area	axis_major_length	axis_minor_length
red	1	674066	171848	4032952	0.203150674891301	11983	446.0862907804484	45.17029555760826
