Group	ROI	1H	2H	SE	Ratio_2Hx1H	area	axis_major_length	axis_minor_length
red	1	1207891	206516	9577436	0.1460088927727309	24645	410.89768508737757	77.26113602177537
