Group	ROI	1H	2H	SE	Ratio_2Hx1H	area	axis_major_length	axis_minor_length
red	1	469158	89212	4126044	0.1597721940648674	12263	302.52585418601	54.80865526565128
