Group	ROI	1H	2H	SE	Ratio_2Hx1H	area	axis_major_length	axis_minor_length
red	1	426330	87136	3824868	0.16970159660035913	9806	278.28633876141237	49.057752941465296
