Group	ROI	1H	2H	SE	Ratio_2Hx1H	area	axis_major_length	axis_minor_length
red	1	473672	102628	2349252	0.1780808606628492	11910	319.51137931621747	50.58883846362755
