Group	ROI	1H	2H	SE	Ratio_2Hx1H	area	axis_major_length	axis_minor_length
red	1	324702	80962	2785670	0.19957896189950303	7153	320.1005212208928	31.893277143324912
