Group	ROI	1H	2H	SE	Ratio_2Hx1H
red	0	55812	3482	680094	0.05872432286571997
red	1	49414	3437	655700	0.06503188208359349
red	2	25535	1705	305962	0.06259177679882526
red	3	26725	2090	349315	0.07253166753427034
red	4	72757	3421	704350	0.0449079786815091
red	5	52579	2317	475598	0.04220708248324104
red	6	75351	4596	800641	0.057488085856880186
red	7	51831	1851	497804	0.03448083156365262
red	8	20533	1691	398294	0.07608891288696905
