Group	ROI	1H	2H	SE	Ratio_2Hx1H
red	0	43483	10103	234930	0.18853805098346582
red	1	29133	6369	165307	0.17939834375528138
red	2	61833	14663	228750	0.1916832252666806
red	3	37223	7938	269782	0.17577112995726402
red	4	69998	17063	232705	0.19598901919343908
red	5	82279	18049	362380	0.17989992823538792
red	6	50237	11281	239633	0.1833772229266231
red	7	68376	14378	352798	0.17374386736592792
red	8	70785	16417	366577	0.18826403064149905
