Group	ROI	1H	2H	SE	Ratio_2Hx1H
red	0	53731	10267	333790	0.16042688834026064
red	1	84094	16539	486393	0.16434966661035644
red	2	106414	20421	460325	0.16100445460637836
red	3	91543	15344	290412	0.14355347235865915
red	4	245433	31940	1040953	0.11515179920179686
red	5	147867	23647	995593	0.13787212705668342
red	6	44381	8065	243290	0.15377721847233344
red	7	167820	26002	650760	0.1341540176037808
red	8	239222	39827	1154447	0.14272403771380654
red	9	104617	17248	462877	0.14153366430066056
