Group	ROI	1H	2H	SE	Ratio_2Hx1H
red	0	34195	2114	555755	0.05822247927511085
red	1	6435	360	144742	0.052980132450331126
red	2	23995	1390	399584	0.054756746109907425
red	3	6080	275	87004	0.043273013375295044
red	4	9592	740	208252	0.0716221447928765
red	5	8038	386	122306	0.045821462488129155
red	6	5405	305	117810	0.053415061295971976
red	7	9606	643	176706	0.06273782808078837
red	8	6434	276	127631	0.04113263785394933
red	9	36017	2176	505851	0.056973791008823604
