Group	ROI	1H	2H	SE	Ratio_2Hx1H
red	0	10679	586	212268	0.05201952951620062
red	1	17245	1124	407806	0.061190048451194946
red	2	18674	890	252855	0.04549171948476794
red	3	10190	738	242570	0.06753294289897512
red	4	30261	1758	492716	0.05490490021549705
red	5	13828	545	195027	0.03791831907047937
red	6	15506	1266	378612	0.07548294777009301
red	7	12670	604	193639	0.04550248606298026
red	8	6009	313	101255	0.049509648845302116
