Group	ROI	1H	2H	SE	Ratio_2Hx1H
red	0	76457	9017	674028	0.10549406837166858
red	1	25614	2836	240232	0.09968365553602812
red	2	13937	1568	136160	0.10112866817155756
red	3	25388	2540	302405	0.0909481523918648
red	4	22772	2747	329863	0.10764528390610917
red	5	33500	3732	258135	0.100236355822948
red	6	28332	2720	240511	0.08759500193224269
red	7	7397	661	160820	0.08203028046661702
green	0	361103	43622	3012865	0.1077818271665946
